{"units_lstm_1": 59, "units_lstm_2": 73, "units_lstm_3": 35, "dropout_rate": 0.41700621444181185, "learning_rate": 0.00023448023148398307, "batch_size": 17, "epochs": 65}